"","release_year","rank_in_year","imdb_rating","mpaa_rating","film_title","film_budget","length_in_min","domestic_distributor","worldwide_gross","domestic_gross","genre_1","genre_2","genre_3","film_profit"
"1",2019,1,8.5,"PG-13","Avengers: Endgame",3.56e+08,181,"Walt Disney",2797800564,858373000,"Action","Adventure","Drama",2441800564
"2",2019,2,7,"PG","The Lion King",2.6e+08,118,"Walt Disney",1656943394,543638043,"Animation","Adventure","Drama",1396943394
"3",2019,3,7.2,"PG","Frozen II",1.5e+08,103,"Walt Disney",1420560456,470089732,"Animation","Adventure","Comedy",1270560456
"4",2019,4,7.6,"PG-13","Spider-Man: Far from Home",1.6e+08,129,"Sony Pictures",1131927996,390532085,"Action","Adventure","Sci-Fi",971927996
"5",2019,5,6.9,"PG-13","Captain Marvel",1.75e+08,123,"Walt Disney",1128274794,426829839,"Action","Adventure","Sci-Fi",953274794
"6",2019,6,7.9,"G","Toy Story 4",2e+08,100,"Walt Disney",1073394593,434038008,"Animation","Adventure","Comedy",873394593
"7",2019,7,8.6,"R","Joker",5.5e+07,122,"Warner Bros.",1071030470,334830470,"Crime","Drama","Thriller",1016030470
"8",2019,8,7,"PG","Aladdin",1.83e+08,128,"Walt Disney",1050693953,355559216,"Adventure","Family","Fantasy",867693953
"9",2019,9,6.9,"PG-13","Star Wars: Episode IX - The Rise of Skywalker",2e+08,142,"Walt Disney",1048859152,503458989,"Action","Adventure","Fantasy",848859152
"10",2019,10,6.5,"PG-13","Fast & Furious Presents: Hobbs & Shaw",2e+08,137,"Universal Pictures",758910100,173810100,"Action","Adventure","NULL",558910100
"11",2018,1,8.5,"PG-13","Avengers: Infinity War",3.21e+08,149,"Walt Disney",2048359754,678815482,"Action","Adventure","Sci-Fi",1727359754
"12",2018,2,7.3,"PG-13","Black Panther",2e+08,134,"Walt Disney",1346913161,700059566,"Action","Adventure","Sci-Fi",1146913161
"13",2018,3,6.2,"PG-13","Jurassic World: Fallen Kingdom",1.7e+08,128,"Universal Pictures",1308467944,417719760,"Action","Adventure","Sci-Fi",1138467944
"14",2018,4,7.7,"PG","Incredibles 2",2e+08,118,"Walt Disney",1242805359,608581744,"Animation","Action","Adventure",1042805359
"15",2018,5,7,"PG-13","Aquaman",1.6e+08,143,"Warner Bros.",1148161807,335061807,"Action","Adventure","Fantasy",988161807
"16",2018,6,8,"PG-13","Bohemian Rhapsody",5.2e+07,134,"Twentieth Century Fox",903655259,216428042,"Biography","Drama","Music",851655259
"17",2018,7,6.7,"PG-13","Venom",1e+08,112,"Sony Pictures",856085151,213515506,"Action","Sci-Fi","Thriller",756085151
"18",2018,8,7.8,"PG-13","Mission: Impossible - Fallout",1.78e+08,147,"Paramount Pictures",791115104,220159104,"Action","Adventure","Thriller",613115104
"19",2018,9,7.7,"R","Deadpool 2",1.1e+08,119,"Twentieth Century Fox",734546611,318491426,"Action","Adventure","Comedy",624546611
"20",2018,10,6.6,"PG-13","Fantastic Beasts: The Crimes of Grindelwald",2e+08,134,"Warner Bros.",653755901,159555901,"Adventure","Family","Fantasy",453755901
"21",2017,1,7,"PG-13","Star Wars: Episode VIII - The Last Jedi",3.17e+08,152,"Walt Disney",1332539889,620181382,"Action","Adventure","Fantasy",1015539889
"22",2017,2,7.1,"PG","Beauty and the Beast",1.6e+08,129,"Walt Disney",1263521126,504014165,"Family","Fantasy","Musical",1103521126
"23",2017,3,6.7,"PG-13","The Fate of the Furious",2.5e+08,136,"Universal Pictures",1236005118,226008385,"Action","Adventure","Thriller",986005118
"24",2017,4,6.3,"PG","Despicable Me 3",8e+07,89,"Universal Pictures",1034799409,264624300,"Animation","Adventure","Comedy",954799409
"25",2017,5,6.9,"PG-13","Jumanji: Welcome to the Jungle",9e+07,119,"Sony Pictures",962077546,404515480,"Action","Adventure","Comedy",872077546
"26",2017,6,7.4,"PG-13","Spider-Man: Homecoming",1.75e+08,133,"Sony Pictures",880166924,334201140,"Action","Adventure","Sci-Fi",705166924
"27",2017,7,6,"NULL","Wolf Warrior 2",30100000,123,"The H Collective",870325439,2721100,"Action","Drama","Thriller",840225439
"28",2017,8,7.6,"PG-13","Guardians of the Galaxy Vol. 2",2e+08,136,"Walt Disney",863756051,389813101,"Action","Adventure","Comedy",663756051
"29",2017,9,7.9,"PG-13","Thor: Ragnarok",1.8e+08,130,"Walt Disney",853977126,315058289,"Action","Adventure","Comedy",673977126
"30",2017,10,7.4,"PG-13","Wonder Woman",1.49e+08,141,"Warner Bros.",821847012,412563408,"Action","Adventure","Fantasy",672847012
"31",2016,1,7.8,"PG-13","Captain America: Civil War",2.5e+08,147,"Walt Disney",1153296293,408084349,"Action","Adventure","Sci-Fi",903296293
"32",2016,2,7.8,"PG-13","Rogue One: A Star Wars Story",2e+08,133,"Walt Disney",1056057273,532177324,"Action","Adventure","Sci-Fi",856057273
"33",2016,3,7.3,"PG","Finding Dory",2e+08,97,"Walt Disney",1028570889,486295561,"Animation","Adventure","Comedy",828570889
"34",2016,4,8,"PG","Zootopia",1.5e+08,108,"Walt Disney",1023784195,341268248,"Animation","Adventure","Comedy",873784195
"35",2016,5,7.4,"PG","The Jungle Book",1.75e+08,106,"Walt Disney",966550600,364001123,"Adventure","Drama","Fantasy",791550600
"36",2016,6,6.5,"PG","The Secret Life of Pets",7.5e+07,87,"Universal Pictures",875457937,368384330,"Animation","Adventure","Comedy",800457937
"37",2016,7,6.6,"PG-13","Fantastic Beasts and Where to Find Them",1.8e+08,134,"Warner Bros.",814037575,234037575,"Adventure","Family","Fantasy",634037575
"38",2016,8,8,"R","Deadpool",5.8e+07,108,"Twentieth Century Fox",782612155,363070709,"Action","Adventure","Comedy",724612155
"39",2016,9,6,"PG-13","Suicide Squad",1.75e+08,123,"Warner Bros.",746846894,325100054,"Action","Adventure","Fantasy",571846894
"40",2016,10,7.5,"PG-13","Doctor Strange",1.65e+08,115,"Walt Disney",677718395,232641920,"Action","Adventure","Fantasy",512718395
"41",2015,1,7.9,"PG-13","Star Wars: Episode VII - The Force Awakens",2.45e+08,138,"Walt Disney",2068223624,936662225,"Action","Adventure","Sci-Fi",1823223624
"42",2015,2,7,"PG-13","Jurassic World",1.5e+08,124,"Universal Pictures",1670400637,652270625,"Action","Adventure","Sci-Fi",1520400637
"43",2015,3,7.2,"PG-13","Furious 7",1.9e+08,137,"Universal Pictures",1515047671,353007020,"Action","Adventure","Thriller",1325047671
"44",2015,4,7.3,"PG-13","Avengers: Age of Ultron",2.5e+08,141,"Walt Disney",1402805868,459005868,"Action","Adventure","Sci-Fi",1152805868
"45",2015,5,6.4,"PG","Minions",7.4e+07,91,"Universal Pictures",1159398397,336045770,"Animation","Adventure","Comedy",1085398397
"46",2015,6,6.8,"PG-13","Spectre",2.45e+08,148,"Sony Pictures",880674609,200074609,"Action","Adventure","Thriller",635674609
"47",2015,7,6.5,"PG-13","Batman v Superman: Dawn of Justice",2.5e+08,151,"Warner Bros.",873634919,330360194,"Action","Adventure","Sci-Fi",623634919
"48",2015,8,8.2,"PG","Inside Out",1.75e+08,95,"Walt Disney",857611174,356461711,"Animation","Adventure","Comedy",682611174
"49",2015,9,7.4,"PG-13","Mission: Impossible - Rogue Nation",1.5e+08,131,"Paramount Pictures",682714267,195042377,"Action","Adventure","Thriller",532714267
"50",2015,10,6.5,"PG-13","The Hunger Games: Mockingjay - Part 2",1.6e+08,137,"Lionsgate",658344137,281723902,"Action","Adventure","Sci-Fi",498344137
"51",2014,1,5.6,"PG-13","Transformers: Age of Extinction",2.1e+08,165,"Paramount Pictures",1104054072,245439076,"Action","Adventure","Sci-Fi",894054072
"52",2014,2,7.4,"PG-13","The Hobbit: The Battle of the Five Armies",2.5e+08,144,"Warner Bros.",956019788,255119788,"Adventure","Fantasy","NULL",706019788
"53",2014,3,8,"PG-13","Guardians of the Galaxy",1.7e+08,121,"Walt Disney",772776600,333176600,"Action","Adventure","Comedy",602776600
"54",2014,4,7,"PG","Maleficent",1.8e+08,97,"Walt Disney",758410378,241410378,"Action","Adventure","Fantasy",578410378
"55",2014,5,6.6,"PG-13","The Hunger Games: Mockingjay - Part 1",1.25e+08,123,"Lionsgate",755356711,337135885,"Action","Adventure","Sci-Fi",630356711
"56",2014,6,8,"PG-13","X-Men: Days of Future Past",2e+08,132,"Twentieth Century Fox",746045700,233921534,"Action","Adventure","Sci-Fi",546045700
"57",2014,7,7.7,"PG-13","Captain America: The Winter Soldier",1.7e+08,136,"Walt Disney",714421503,259766572,"Action","Adventure","Sci-Fi",544421503
"58",2014,8,7.6,"PG-13","Dawn of the Planet of the Apes",1.7e+08,130,"Twentieth Century Fox",710644566,208545589,"Action","Adventure","Drama",540644566
"59",2014,9,6.6,"PG-13","The Amazing Spider-Man 2",2e+08,142,"Sony Pictures",708982323,202853933,"Action","Adventure","Sci-Fi",508982323
"60",2014,10,8.6,"PG-13","Interstellar",1.65e+08,169,"Paramount Pictures",677463813,188020017,"Adventure","Drama","Sci-Fi",512463813
"61",2013,1,7.5,"PG","Frozen",1.5e+08,102,"Walt Disney",1280802282,400738009,"Animation","Adventure","Comedy",1130802282
"62",2013,2,7.2,"PG-13","Iron Man 3",2e+08,130,"Walt Disney",1214811252,409013994,"Action","Adventure","Sci-Fi",1014811252
"63",2013,3,7.3,"PG","Despicable Me 2",7.6e+07,98,"Universal Pictures",970766005,368065385,"Animation","Adventure","Comedy",894766005
"64",2013,4,7.8,"PG-13","The Hobbit: The Desolation of Smaug",2.25e+08,161,"Warner Bros.",958366855,258366855,"Adventure","Fantasy","NULL",733366855
"65",2013,5,7.5,"PG-13","The Hunger Games: Catching Fire",1.3e+08,146,"Lionsgate",865011746,424668047,"Action","Adventure","Sci-Fi",735011746
"66",2013,6,7.1,"PG-13","Fast & Furious 6",1.6e+08,130,"Universal Pictures",788679850,238679850,"Action","Adventure","Thriller",628679850
"67",2013,7,7.3,"G","Monsters University",2e+08,104,"Walt Disney",743559607,268492764,"Animation","Adventure","Comedy",543559607
"68",2013,8,7.7,"PG-13","Gravity",1e+08,91,"Warner Bros.",723192705,274092705,"Drama","Sci-Fi","Thriller",623192705
"69",2013,9,7.1,"PG-13","Man of Steel",2.25e+08,143,"Warner Bros.",668045518,291045518,"Action","Adventure","Sci-Fi",443045518
"70",2013,10,6.9,"PG-13","Thor: The Dark World",1.7e+08,112,"Walt Disney",644783140,206362140,"Action","Adventure","Fantasy",474783140
"71",2012,1,8,"PG-13","The Avengers",2.2e+08,143,"Walt Disney",1518812988,623357910,"Action","Adventure","Sci-Fi",1298812988
"72",2012,2,7.7,"PG-13","Skyfall",2e+08,143,"Sony Pictures",1108561013,304360277,"Action","Adventure","Thriller",908561013
"73",2012,3,8.4,"PG-13","The Dark Knight Rises",2.5e+08,164,"Warner Bros.",1081041287,448139099,"Action","Adventure","Thriller",831041287
"74",2012,4,7.8,"PG-13","The Hobbit: An Unexpected Journey",1.8e+08,169,"Warner Bros.",1017003568,303003568,"Adventure","Family","Fantasy",837003568
"75",2012,5,6.6,"PG","Ice Age: Continental Drift",9.5e+07,88,"Twentieth Century Fox",877244782,161321843,"Animation","Adventure","Comedy",782244782
"76",2012,6,5.5,"PG-13","The Twilight Saga: Breaking Dawn - Part 2",1.2e+08,115,"Lionsgate",829746820,292324737,"Adventure","Drama","Fantasy",709746820
"77",2012,7,6.9,"PG-13","The Amazing Spider-Man",2.3e+08,136,"Sony Pictures",757930663,262030663,"Action","Sci-Fi","NULL",527930663
"78",2012,8,6.8,"PG","Madagascar 3: Europe's Most Wanted",1.45e+08,93,"DreamWorks",746921274,216391482,"Animation","Adventure","Comedy",601921274
"79",2012,9,7.2,"PG-13","The Hunger Games",7.8e+07,142,"Lionsgate",694394724,408010692,"Action","Adventure","Sci-Fi",616394724
"80",2012,10,6.8,"PG-13","Men in Black 3",2.25e+08,106,"Sony Pictures",624026776,179020854,"Action","Adventure","Comedy",399026776
"81",2011,1,8.1,"PG-13","Harry Potter and the Deathly Hallows: Part 2",1.25e+08,130,"Warner Bros.",1341511219,381011219,"Adventure","Drama","Fantasy",1216511219
"82",2011,2,6.2,"PG-13","Transformers: Dark of the Moon",1.95e+08,154,"Paramount Pictures",1123794079,352390543,"Action","Adventure","Sci-Fi",928794079
"83",2011,3,6.6,"PG-13","Pirates of the Caribbean: On Stranger Tides",2.5e+08,136,"Walt Disney",1045713802,241071802,"Action","Adventure","Fantasy",795713802
"84",2011,4,4.9,"PG-13","The Twilight Saga: Breaking Dawn - Part 1",1.1e+08,117,"Summit Entertainment",712205856,281287133,"Action","Adventure","Drama",602205856
"85",2011,5,7.4,"PG-13","Mission: Impossible - Ghost Protocol",1.45e+08,132,"Paramount Pictures",694713380,209397903,"Action","Adventure","Thriller",549713380
"86",2011,6,7.2,"PG","Kung Fu Panda 2",1.5e+08,90,"DreamWorks",665692281,165249063,"Animation","Action","Adventure",515692281
"87",2011,7,7.3,"PG-13","Fast Five",1.25e+08,130,"Universal Pictures",626137675,209837675,"Action","Adventure","Thriller",501137675
"88",2011,8,6.4,"R","The Hangover Part II",8e+07,102,"Warner Bros.",586764305,254464305,"Comedy","NULL","NULL",506764305
"89",2011,9,5.4,"PG","The Smurfs",1.1e+08,103,"Sony Pictures",563749323,142614158,"Adventure","Comedy","Family",453749323
"90",2011,10,6.1,"G","Cars 2",2e+08,106,"Walt Disney",559852396,191452396,"Animation","Adventure","Comedy",359852396
"91",2010,1,8.3,"G","Toy Story 3",2e+08,103,"Walt Disney",1066969703,415004880,"Animation","Adventure","Comedy",866969703
"92",2010,2,6.4,"PG","Alice in Wonderland",2e+08,108,"Walt Disney",1025467110,334191110,"Adventure","Family","Fantasy",825467110
"93",2010,3,7.7,"PG-13","Harry Potter and the Deathly Hallows: Part 1",1.25e+08,146,"Warner Bros.",976536918,295983305,"Adventure","Family","Fantasy",851536918
"94",2010,4,8.8,"PG-13","Inception",1.6e+08,148,"Warner Bros.",828322032,292576195,"Action","Adventure","Sci-Fi",668322032
"95",2010,5,6.3,"PG","Shrek Forever After",1.65e+08,93,"DreamWorks",752600867,238736787,"Animation","Adventure","Comedy",587600867
"96",2010,6,5,"PG-13","The Twilight Saga: Eclipse",6.8e+07,124,"Summit Entertainment",698491347,300531751,"Action","Drama","Fantasy",630491347
"97",2010,7,7,"PG-13","Iron Man 2",2e+08,124,"Paramount Pictures",623933331,312433331,"Action","Adventure","Sci-Fi",423933331
"98",2010,8,7.7,"PG","Tangled",2.6e+08,100,"Walt Disney",593171580,200821936,"Animation","Adventure","Comedy",333171580
"99",2010,9,7.6,"PG","Despicable Me",6.9e+07,95,"Universal Pictures",543113985,251513985,"Animation","Comedy","Family",474113985
"100",2010,10,8.1,"PG","How to Train Your Dragon",1.65e+08,98,"DreamWorks",494878759,217581231,"Animation","Action","Adventure",329878759
"101",2009,1,7.8,"PG-13","Avatar",2.37e+08,162,"Twentieth Century Fox",2744336793,749766139,"Action","Adventure","Fantasy",2507336793
"102",2009,2,7.6,"PG","Harry Potter and the Half-Blood Prince",2.5e+08,153,"Warner Bros.",933959197,301959197,"Action","Adventure","Family",683959197
"103",2009,3,6.9,"PG","Ice Age: Dawn of the Dinosaurs",9e+07,94,"Twentieth Century Fox",886686817,196573705,"Animation","Adventure","Comedy",796686817
"104",2009,4,6,"PG-13","Transformers: Revenge of the Fallen",2e+08,150,"DreamWorks",836303693,402111870,"Action","Adventure","Sci-Fi",636303693
"105",2009,5,5.8,"PG-13","2012",2e+08,158,"Sony Pictures",769679473,166112167,"Action","Adventure","Sci-Fi",569679473
"106",2009,6,8.2,"PG","Up",1.75e+08,96,"Walt Disney",735099082,293004164,"Animation","Adventure","Comedy",560099082
"107",2009,7,4.7,"PG-13","The Twilight Saga: New Moon",5e+07,130,"Summit Entertainment",709827462,296623634,"Adventure","Drama","Fantasy",659827462
"108",2009,8,7.6,"PG-13","Sherlock Holmes",9e+07,128,"Warner Bros.",524028679,209028679,"Action","Adventure","Crime",434028679
"109",2009,9,6.7,"PG-13","Angels & Demons",1.5e+08,138,"Sony Pictures",485930816,133375846,"Action","Mystery","Thriller",335930816
"110",2009,10,7.7,"R","The Hangover",3.5e+07,100,"Warner Bros.",468812793,277322503,"Comedy","NULL","NULL",433812793
"111",2008,1,9,"PG-13","The Dark Knight",1.85e+08,152,"Warner Bros.",1003045358,533345358,"Action","Crime","Drama",818045358
"112",2008,2,6.1,"PG-13","Indiana Jones and the Kingdom of the Crystal Skull",1.85e+08,122,"Paramount Pictures",790653942,317101119,"Action","Adventure","NULL",605653942
"113",2008,3,7.5,"PG","Kung Fu Panda",1.3e+08,92,"DreamWorks",631744560,215434591,"Animation","Action","Adventure",501744560
"114",2008,4,6.4,"PG-13","Hancock",1.5e+08,92,"Sony Pictures",629443428,227946274,"Action","Fantasy","NULL",479443428
"115",2008,5,6.4,"PG-13","Mamma Mia!",5.2e+07,108,"Universal Pictures",609841637,144130063,"Comedy","Musical","Romance",557841637
"116",2008,6,6.6,"PG","Madagascar: Escape 2 Africa",1.5e+08,89,"DreamWorks",603900354,180010950,"Animation","Adventure","Comedy",453900354
"117",2008,7,6.6,"PG-13","Quantum of Solace",2e+08,106,"Sony Pictures",589580482,168368427,"Action","Adventure","Thriller",389580482
"118",2008,8,7.9,"PG-13","Iron Man",1.4e+08,126,"Paramount Pictures",585366247,318604126,"Action","Adventure","Sci-Fi",445366247
"119",2008,9,8.4,"G","WALL·E",1.8e+08,98,"Walt Disney",521311860,223808164,"Animation","Adventure","Family",341311860
"120",2008,10,6.5,"PG","The Chronicles of Narnia: Prince Caspian",2.25e+08,150,"Walt Disney",419665568,141621490,"Action","Adventure","Family",194665568
"121",2007,1,7.1,"PG-13","Pirates of the Caribbean: At World's End",3e+08,169,"Walt Disney",960996492,309420425,"Action","Adventure","Fantasy",660996492
"122",2007,2,7.5,"PG-13","Harry Potter and the Order of the Phoenix",1.5e+08,138,"Warner Bros.",941676843,292004738,"Action","Adventure","Family",791676843
"123",2007,3,6.2,"PG-13","Spider-Man 3",2.58e+08,139,"Sony Pictures",894983373,336530303,"Action","Sci-Fi","NULL",636983373
"124",2007,4,6,"PG","Shrek the Third",1.6e+08,93,"DreamWorks",813367380,322719944,"Animation","Adventure","Comedy",653367380
"125",2007,5,7,"PG-13","Transformers",1.5e+08,144,"DreamWorks",709709780,319246193,"Action","Adventure","Sci-Fi",559709780
"126",2007,6,8,"G","Ratatouille",1.5e+08,111,"Walt Disney",623726085,206445654,"Animation","Adventure","Comedy",473726085
"127",2007,7,7.2,"PG-13","I Am Legend",1.5e+08,101,"Warner Bros.",585410052,256393010,"Adventure","Drama","Sci-Fi",435410052
"128",2007,8,7.3,"PG-13","The Simpsons Movie",7.5e+07,87,"Twentieth Century Fox",536414270,183135014,"Animation","Adventure","Comedy",461414270
"129",2007,9,6.5,"PG","National Treasure: Book of Secrets",1.3e+08,124,"Walt Disney",459242249,219964115,"Action","Adventure","Mystery",329242249
"130",2007,10,7.6,"R","300",6.5e+07,117,"Warner Bros.",456068181,210614939,"Action","Drama","NULL",391068181
"131",2006,1,7.3,"PG-13","Pirates of the Caribbean: Dead Man's Chest",2.25e+08,151,"Walt Disney",1066179725,423315812,"Action","Adventure","Fantasy",841179725
"132",2006,2,6.6,"PG-13","The Da Vinci Code",1.25e+08,149,"Sony Pictures",760006945,217536138,"Action","Mystery","Thriller",635006945
"133",2006,3,6.8,"PG","Ice Age: The Meltdown",8e+07,91,"Twentieth Century Fox",660998756,195330621,"Animation","Adventure","Comedy",580998756
"134",2006,4,8,"PG-13","Casino Royale",1.5e+08,144,"Sony Pictures",606099584,167445960,"Action","Adventure","Thriller",456099584
"135",2006,5,6.4,"PG","Night at the Museum",1.1e+08,108,"Twentieth Century Fox",574480841,250863268,"Adventure","Comedy","Family",464480841
"136",2006,6,7.1,"G","Cars",1.2e+08,117,"Walt Disney",461983149,244082982,"Animation","Comedy","Family",341983149
"137",2006,7,6.7,"PG-13","X-Men: The Last Stand",2.1e+08,104,"Twentieth Century Fox",460435291,234362462,"Action","Sci-Fi","NULL",250435291
"138",2006,8,6.9,"PG-13","Mission: Impossible III",1.5e+08,126,"Paramount Pictures",398479497,134029801,"Action","Adventure","Thriller",248479497
"139",2006,9,6,"PG-13","Superman Returns",2.7e+08,154,"Warner Bros.",391081192,200081192,"Action","Sci-Fi","NULL",121081192
"140",2006,10,6.4,"PG","Happy Feet",1e+08,108,"Warner Bros.",384335608,198000317,"Animation","Adventure","Comedy",284335608
"141",2005,1,7.7,"PG-13","Harry Potter and the Goblet of Fire",1.5e+08,157,"Warner Bros.",895921036,290013036,"Adventure","Family","Fantasy",745921036
"142",2005,2,7.5,"PG-13","Star Wars: Episode III - Revenge of the Sith",1.13e+08,140,"Twentieth Century Fox",868352530,380270577,"Action","Adventure","Fantasy",755352530
"143",2005,3,6.9,"PG","The Chronicles of Narnia: The Lion, the Witch and the Wardrobe",1.8e+08,143,"Walt Disney",745013115,291710957,"Adventure","Family","Fantasy",565013115
"144",2005,4,6.5,"PG-13","War of the Worlds",1.32e+08,116,"Paramount Pictures",603873119,234280354,"Adventure","Sci-Fi","Thriller",471873119
"145",2005,5,7.2,"PG-13","King Kong",2.07e+08,187,"Universal Pictures",562363449,218080025,"Action","Adventure","Drama",355363449
"146",2005,6,6.9,"PG","Madagascar",7.5e+07,86,"DreamWorks",542063846,193595521,"Animation","Adventure","Comedy",467063846
"147",2005,7,6.5,"PG-13","Mr. & Mrs. Smith",1.1e+08,120,"Twentieth Century Fox",487287646,186336279,"Action","Comedy","Crime",377287646
"148",2005,8,6.6,"PG","Charlie and the Chocolate Factory",1.5e+08,115,"Warner Bros.",474968763,206459076,"Adventure","Comedy","Family",324968763
"149",2005,9,8.2,"PG-13","Batman Begins",1.5e+08,140,"Warner Bros.",371853783,205343774,"Action","Adventure","Fantasy",221853783
"150",2005,10,6.6,"PG-13","Hitch",7e+07,118,"Sony Pictures",371594210,179495555,"Comedy","Romance","NULL",301594210
"151",2004,1,7.2,"PG","Shrek 2",1.5e+08,93,"DreamWorks",928760770,441226247,"Animation","Adventure","Comedy",778760770
"152",2004,2,7.9,"PG","Harry Potter and the Prisoner of Azkaban",1.3e+08,142,"Warner Bros.",795634069,249541069,"Adventure","Family","Fantasy",665634069
"153",2004,3,7.3,"PG-13","Spider-Man 2",2e+08,127,"Sony Pictures",788976453,373585825,"Action","Adventure","Sci-Fi",588976453
"154",2004,4,8,"PG","The Incredibles",9.2e+07,115,"Walt Disney",631442092,261441092,"Animation","Action","Adventure",539442092
"155",2004,5,7.1,"R","The Passion of the Christ",3e+07,127,"Icon Productions",611486736,370274604,"Drama","NULL","NULL",581486736
"156",2004,6,6.4,"PG-13","The Day After Tomorrow",1.25e+08,124,"Twentieth Century Fox",552639571,186740799,"Action","Adventure","Sci-Fi",427639571
"157",2004,7,6.3,"PG-13","Meet the Fockers",8e+07,115,"Universal Pictures",522657936,279261160,"Comedy","romance","NULL",442657936
"158",2004,8,7.2,"R","Troy",1.75e+08,163,"Warner Bros.",497409852,133378256,"Drama","History","NULL",322409852
"159",2004,9,6,"PG","Shark Tale",7.5e+07,90,"DreamWorks",374583879,160861908,"Animation","Adventure","Comedy",299583879
"160",2004,10,6.5,"PG-13","Ocean's Twelve",1.1e+08,125,"Warner Bros.",362744280,125544280,"Crime","Thriller","NULL",252744280
"161",2003,1,8.9,"PG-13","The Lord of the Rings: The Return of the King",9.4e+07,201,"New Line Cinema",1140682011,377027325,"Adventure","Drama","Fantasy",1046682011
"162",2003,2,8.1,"G","Finding Nemo",9.4e+07,100,"Walt Disney",871014978,339714978,"Animation","Adventure","Comedy",777014978
"163",2003,3,7.2,"R","The Matrix Reloaded",1.5e+08,138,"Warner Bros.",739412035,281576461,"Action","Sci-Fi","NULL",589412035
"164",2003,4,8,"PG-13","Pirates of the Caribbean: The Curse of the Black Pearl",1.4e+08,143,"Walt Disney",654264015,305413918,"Action","Adventure","Fantasy",514264015
"165",2003,5,6.7,"PG-13","Bruce Almighty",8.1e+07,101,"Universal Pictures",484592874,242829261,"Comedy","Drama","Fantasy",403592874
"166",2003,6,7.7,"R","The Last Samurai",1.4e+08,154,"Warner Bros.",454627263,111127263,"Action","Drama","War",314627263
"167",2003,7,6.3,"R","Terminator 3: Rise of the Machines",2e+08,109,"Warner Bros.",433371112,150371112,"Action","Sci-Fi","NULL",233371112
"168",2003,8,6.7,"R","The Matrix Revolutions",1.5e+08,129,"Warner Bros.",427343298,139313948,"Action","Sci-Fi","NULL",277343298
"169",2003,9,7.4,"PG-13","X2: X-Men United",1.1e+08,134,"Twentieth Century Fox",407711549,214949694,"Action","Sci-Fi","Thriller",297711549
"170",2003,10,6.6,"R","Bad Boys II",1.3e+08,147,"Sony Pictures",273339556,138608444,"Action","Comedy","Crime",143339556
"171",2002,1,8.7,"PG-13","The Lord of the Rings: The Two Towers",9.4e+07,179,"New Line Cinema",936689735,339789881,"Adventure","Drama","Fantasy",842689735
"172",2002,2,7.4,"PG","Harry Potter and the Chamber of Secrets",1e+08,161,"Warner Bros.",878979634,261988482,"Adventure","Family","Fantasy",778979634
"173",2002,3,7.3,"PG-13","Spider-Man",1.39e+08,121,"Sony Pictures",821708551,403706375,"Action","Adventure","Sci-Fi",682708551
"174",2002,4,6.5,"PG","Star Wars: Episode II - Attack of the Clones",1.15e+08,142,"Twentieth Century Fox",645256452,302191252,"Action","Adventure","Fantasy",530256452
"175",2002,5,6.2,"PG-13","Men in Black II",1.4e+08,88,"Sony Pictures",441818803,190418803,"Action","Adventure","Comedy",301818803
"176",2002,6,6.1,"PG-13","Die Another Day",1.42e+08,133,"Metro-Goldwyn-Mayer",431971116,160942139,"Action","Adventure","Thriller",289971116
"177",2002,7,6.7,"PG-13","Signs",7.2e+07,106,"Walt Disney",408247917,227966634,"Drama","Mystery","Sci-Fi",336247917
"178",2002,8,7.5,"PG","Ice Age",5.9e+07,81,"Twentieth Century Fox",383257136,176387405,"Animation","Adventure","Comedy",324257136
"179",2002,9,6.5,"PG","My Big Fat Greek Wedding",5e+06,95,"IFC Films",368744044,241438208,"Comedy","Drama","Romance",363744044
"180",2002,10,7.6,"PG-13","Minority Report",1.02e+08,145,"Twentieth Century Fox",358372926,132072926,"Action","Crime","Mystery",256372926
"181",2001,1,7.6,"PG","Harry Potter and the Sorcerer's Stone",1.25e+08,152,"Warner Bros.",974755371,317575550,"Adventure","Family","Fantasy",849755371
"182",2001,2,8.8,"PG-13","The Lord of the Rings: The Fellowship of the Ring",9.3e+07,178,"New Line Cinema",883726270,313364114,"Adventure","Drama","Fantasy",790726270
"183",2001,3,8,"G","Monsters, Inc.",1.15e+08,92,"Walt Disney",528773250,255873250,"Animation","Adventure","Comedy",413773250
"184",2001,4,7.8,"PG","Shrek",6e+07,90,"DreamWorks",484409218,267665011,"Animation","Adventure","Comedy",424409218
"185",2001,5,7.8,"PG-13","Ocean's Eleven",8.5e+07,116,"Warner Bros.",450717150,183417150,"Crime","Thriller","NULL",365717150
"186",2001,6,6.2,"PG-13","Pearl Harbor",1.4e+08,183,"Walt Disney",449220945,198542554,"Action","Drama","History",309220945
"187",2001,7,6.3,"PG-13","The Mummy Returns",9.8e+07,130,"Universal Pictures",433013274,202019785,"Action","Adventure","Fantasy",335013274
"188",2001,8,5.9,"PG-13","Jurassic Park III",9.3e+07,92,"Universal Pictures",368780809,181171875,"Action","Adventure","Sci-Fi",275780809
"189",2001,9,5.7,"PG-13","Planet of the Apes",1e+08,119,"Twentieth Century Fox",362211740,180011740,"Action","Adventure","Sci-Fi",262211740
"190",2001,10,6.8,"R","Hannibal",8.7e+07,131,"Metro-Goldwyn-Mayer",351692268,165092268,"Crime","Drama","Thriller",264692268
"191",2000,1,6.1,"PG-13","Mission: Impossible II",1.25e+08,123,"Paramount Pictures",546388105,215409889,"Action","Adventure","Thriller",421388105
"192",2000,2,8.5,"R","Gladiator",1.03e+08,155,"DreamWorks",460583960,187705427,"Action","Adventure","Drama",357583960
"193",2000,3,7.8,"PG-13","Cast Away",9e+07,143,"Twentieth Century Fox",429632142,233632142,"Adventure","Drama","Romance",339632142
"194",2000,4,6.4,"PG-13","What Women Want",7e+07,127,"Paramount Pictures",374111707,182811707,"Comedy","Fantasy","Romance",304111707
"195",2000,5,6.5,"PG","Dinosaur",127500000,82,"Walt Disney",349822765,137748063,"Animation","Adventure","Family",222322765
"196",2000,6,6.1,"PG","How the Grinch Stole Christmas",1.23e+08,104,"Universal Pictures",345141403,260044825,"Comedy","Family","Fantasy",222141403
"197",2000,7,7,"PG-13","Meet the Parents",5.5e+07,108,"Universal Pictures",330444045,166244045,"Comedy","romance","NULL",275444045
"198",2000,8,6.4,"PG-13","The Perfect Storm",1.4e+08,130,"Warner Bros.",328718434,182618434,"Action","Adventure","Drama",188718434
"199",2000,9,7.4,"PG-13","X-Men",7.5e+07,104,"Twentieth Century Fox",296339528,157299718,"Action","Adventure","Sci-Fi",221339528
"200",2000,10,6.6,"PG-13","What Lies Beneath",1e+08,130,"DreamWorks",291420351,155464351,"Drama","Fantasy","Horror",191420351
"201",1999,1,6.5,"PG","Star Wars: Episode I - The Phantom Menace",1.15e+08,136,"Twentieth Century Fox",924305084,431088295,"Action","Adventure","Fantasy",809305084
"202",1999,2,8.1,"PG-13","The Sixth Sense",4e+07,107,"Walt Disney",672806292,293506292,"Drama","Mystery","Thriller",632806292
"203",1999,3,7.9,"G","Toy Story 2",9e+07,92,"Walt Disney",487059677,245852179,"Animation","Adventure","Comedy",397059677
"204",1999,4,8.7,"R","The Matrix",6.3e+07,136,"Warner Bros.",463517383,171479930,"Action","Sci-Fi","NULL",400517383
"205",1999,5,7.3,"G","Tarzan",1.3e+08,88,"Walt Disney",448191819,171091819,"Animation","Adventure","Family",318191819
"206",1999,6,7,"PG-13","The Mummy",8e+07,124,"Universal Pictures",415933406,155385488,"Action","Adventure","Fantasy",335933406
"207",1999,7,7.1,"PG-13","Notting Hill",4.2e+07,124,"Universal Pictures",363889678,116089678,"Comedy","Drama","Romance",321889678
"208",1999,8,6.4,"PG-13","The World is Not Enough",1.35e+08,128,"Metro-Goldwyn-Mayer",361832400,126943684,"Action","Adventure","Thriller",226832400
"209",1999,9,8.3,"R","American Beauty",1.5e+07,122,"DreamWorks",356296601,130096601,"Drama","NULL","NULL",341296601
"210",1999,10,6.6,"PG-13","Austin Powers: The Spy Who Shagged Me",3.3e+07,95,"New Line Cinema",312016858,206040086,"Action","Adventure","Comedy",279016858
"211",1998,1,6.7,"PG-13","Armageddon",1.4e+08,151,"Walt Disney",553709788,201578182,"Action","Adventure","Sci-Fi",413709788
"212",1998,2,8.6,"R","Saving Private Ryan",7e+07,169,"DreamWorks",481840909,216540909,"Drama","War","NULL",411840909
"213",1998,3,5.4,"PG-13","Godzilla",1.3e+08,139,"Sony Pictures",379014294,136314294,"Action","Sci-Fi","Thriller",249014294
"214",1998,4,7.1,"R","There's Something About Mary",2.3e+07,119,"Twentieth Century Fox",369884651,176484651,"Comedy","Romance","NULL",346884651
"215",1998,5,7.2,"G","A Bug's Life",1.2e+08,95,"Walt Disney",363258859,162798565,"Animation","Adventure","Comedy",243258859
"216",1998,6,6.2,"PG-13","Deep Impact",7.5e+07,120,"Paramount Pictures",349464664,140464664,"Action","Drama","Romance",274464664
"217",1998,7,7.6,"G","Mulan",9e+07,88,"Walt Disney",304320254,120620254,"Animation","Adventure","Family",214320254
"218",1998,8,5.4,"PG-13","Doctor Dolittle",71500000,85,"Twentieth Century Fox",294456605,144156605,"Comedy","Family","Fantasy",222956605
"219",1998,9,7.1,"R","Shakespeare in Love",2.5e+07,123,"Miramax",289317794,100317794,"Comedy","Drama","History",264317794
"220",1998,10,6.6,"R","Lethal Weapon 4",1.4e+08,127,"Warner Bros.",285444603,130444603,"Action","Crime","Thriller",145444603
"221",1997,1,7.8,"PG-13","Titanic",2e+08,194,"Paramount Pictures",1850197130,600788188,"Drama","Romance","NULL",1650197130
"222",1997,2,6.6,"PG-13","The Lost World: Jurassic Park",7.3e+07,129,"Universal Pictures",618638999,229086679,"Action","Adventure","Sci-Fi",545638999
"223",1997,3,7.3,"PG-13","Men in Black",9e+07,98,"Sony Pictures",589390539,250690539,"Action","Adventure","Comedy",499390539
"224",1997,4,6.5,"PG-13","Tomorrow Never Dies",1.1e+08,119,"Metro-Goldwyn-Mayer",333011068,125304276,"Action","Adventure","Thriller",223011068
"225",1997,5,6.5,"R","Air Force One",8.5e+07,124,"Sony Pictures",315156409,172956409,"Action","Drama","Thriller",230156409
"226",1997,6,7.7,"PG-13","As Good As It Gets",5e+07,139,"Sony Pictures",314178011,148478011,"Comedy","Drama","Romance",264178011
"227",1997,7,6.9,"PG-13","Liar Liar",4.5e+07,86,"Universal Pictures",302710615,181410615,"Comedy","Fantasy","NULL",257710615
"228",1997,8,6.3,"PG-13","My Best Friend's Wedding",3.8e+07,105,"Sony Pictures",299288605,127120029,"Comedy","Drama","Romance",261288605
"229",1997,9,7.7,"PG-13","The Fifth Element",9.3e+07,126,"Sony Pictures",263920180,63820180,"Action","Adventure","Sci-Fi",170920180
"230",1997,10,7.2,"R","The Full Monty",3500000,91,"Fox Searchlight Pictures",257938649,45950122,"Comedy","Drama","NULL",254438649
"231",1996,1,7,"PG-13","Independence Day",7.5e+07,145,"Twentieth Century Fox",817400891,306169268,"Action","Adventure","Sci-Fi",742400891
"232",1996,2,6.4,"PG-13","Twister",9.2e+07,113,"Warner Bros.",494471524,241721524,"Action","Adventure","Thriller",402471524
"233",1996,3,7.1,"PG-13","Mission: Impossible",8e+07,110,"Paramount Pictures",457696359,180981856,"Action","Adventure","Thriller",377696359
"234",1996,4,7.4,"R","The Rock",7.5e+07,136,"Walt Disney",335062621,134069511,"Action","Adventure","Thriller",260062621
"235",1996,5,6.9,"G","The Hunchback of Notre Dame",1e+08,91,"Walt Disney",325338851,100138851,"Animation","Drama","Family",225338851
"236",1996,6,5.7,"G","101 Dalmatians",7.5e+07,103,"Walt Disney",320689294,136189294,"Adventure","Comedy","Crime",245689294
"237",1996,7,6.6,"R","Ransom",8e+07,121,"Walt Disney",309492681,136492681,"Action","Crime","Thriller",229492681
"238",1996,8,5.6,"PG-13","The Nutty Professor",5.4e+07,95,"Universal Pictures",273961019,128814019,"Comedy","Romance","Sci-Fi",219961019
"239",1996,9,7.3,"R","Jerry Maguire",5e+07,139,"Sony Pictures",273552592,153952592,"Comedy","Drama","Romance",223552592
"240",1996,10,6.1,"R","Eraser",1e+08,115,"Warner Bros.",242295562,101295562,"Action","Drama","Thriller",142295562
"241",1995,1,7.6,"R","Die Hard with a Vengeance",9e+07,128,"Twentieth Century Fox",366101666,100012499,"Action","Adventure","Thriller",276101666
"242",1995,2,8.3,"G","Toy Story",3e+07,81,"Walt Disney",363007140,191796233,"Animation","Adventure","Comedy",333007140
"243",1995,3,7.6,"PG","Apollo 13",5.2e+07,140,"Universal Pictures",353148882,172071312,"Adventure","Drama","History",301148882
"244",1995,4,7.2,"PG-13","GoldenEye",6e+07,140,"Metro-Goldwyn-Mayer",352194034,106429941,"Action","Adventure","Thriller",292194034
"245",1995,5,6.7,"G","Pocahontas",5.5e+07,81,"Walt Disney",346079773,141579773,"Animation","Adventure","Drama",291079773
"246",1995,6,5.4,"PG-13","Batman Forever",1e+08,121,"Warner Bros.",336529144,184031112,"Action","Adventure","Fantasy",236529144
"247",1995,7,8.6,"R","Se7en",3.3e+07,127,"New Line Cinema",327311859,100125643,"Crime","Drama","Mystery",294311859
"248",1995,8,6.1,"PG","Casper",5e+07,100,"Universal Pictures",287928194,100328194,"Comedy","Family","Fantasy",237928194
"249",1995,9,6.2,"PG-13","Waterworld",1.75e+08,135,"Universal Pictures",264218220,88246220,"Action","Adventure","Sci-Fi",89218220
"250",1995,10,7,"PG","Jumanji",6.5e+07,104,"Sony Pictures",262797249,100475249,"Adventure","Comedy","Family",197797249
"251",1994,1,8.5,"G","The Lion King",4.5e+07,88,"Walt Disney",763455561,312855561,"Animation","Adventure","Drama",718455561
"252",1994,2,8.8,"PG-13","Forrest Gump",5.5e+07,142,"Paramount Pictures",677387716,329694499,"Drama","Romance","NULL",622387716
"253",1994,3,7.2,"R","True Lies",1.15e+08,141,"Twentieth Century Fox",378882411,146282411,"Action","Comedy","Thriller",263882411
"254",1994,4,6.9,"PG-13","The Mask",2.3e+07,101,"New Line Cinema",351583407,119938730,"Comedy","Crime","Fantasy",328583407
"255",1994,5,7.2,"R","Speed",3e+07,116,"Twentieth Century Fox",350448145,121248145,"Action","Adventure","Thriller",320448145
"256",1994,6,4.9,"PG","The Flintstones",4.6e+07,91,"Universal Pictures",341631208,130531208,"Comedy","Family","Fantasy",295631208
"257",1994,7,7.3,"PG-13","Dumb and Dumber",1.7e+07,107,"New Line Cinema",247275374,127175374,"Comedy","NULL","NULL",230275374
"258",1994,8,7,"R","Four Weddings and a Funeral",4400000,117,"Rank Film Distributors",245700832,52700832,"Comedy","Drama","Romance",241300832
"259",1994,9,7.6,"R","Interview with the Vampire: The Vampire Chronicles",6e+07,123,"Warner Bros.",223664608,105264608,"Drama","Horror","NULL",163664608
"260",1994,10,6.9,"PG-13","Clear and Present Danger",6.2e+07,141,"Paramount Pictures",215887717,122187717,"Action","Crime","Drama",153887717
"261",1993,1,8.1,"PG-13","Jurassic Park",6.3e+07,127,"Universal Pictures",912667947,357067947,"Action","Adventure","Sci-Fi",849667947
"262",1993,2,7,"PG-13","Mrs. Doubtfire",2.5e+07,125,"Twentieth Century Fox",441286195,219195243,"Comedy","Drama","Family",416286195
"263",1993,3,7.8,"PG-13","The Fugitive",4.4e+07,130,"Warner Bros.",368875760,183875760,"Action","Crime","Drama",324875760
"264",1993,4,8.9,"R","Schindler's List",2.2e+07,195,"Universal Pictures",321306305,96065768,"Biography","Drama","History",299306305
"265",1993,5,6.8,"R","The Firm",4.2e+07,154,"Paramount Pictures",270248367,158348367,"Drama","Mystery","Thriller",228248367
"266",1993,6,5.9,"R","Indecent Proposal",3.8e+07,117,"Paramount Pictures",266614059,106614059,"Drama","Romance","NULL",228614059
"267",1993,7,6.4,"R","Cliffhanger",7e+07,113,"TriStar Pictures",255000211,84049211,"Action","Adventure","Thriller",185000211
"268",1993,8,6.8,"PG","Sleepless in Seattle",2.1e+07,105,"TriStar Pictures",227799884,126680884,"Comedy","Drama","Romance",206799884
"269",1993,9,7.7,"PG-13","Philadelphia",2.6e+07,125,"TriStar Pictures",206678440,77446440,"Drama","NULL","NULL",180678440
"270",1993,10,6.6,"PG-13","The Pelican Brief",4.5e+07,141,"Warner Bros.",195268056,100768056,"Crime","Drama","Mystery",150268056
"271",1992,1,8,"G","Aladdin",2.8e+07,90,"Walt Disney",504050219,217350219,"Animation","Adventure","Comedy",476050219
"272",1992,2,6.3,"R","The Bodyguard",2.5e+07,129,"Warner Bros.",410945720,121945720,"Action","Drama","Music",385945720
"273",1992,3,6.7,"PG","Home Alone 2: Lost in New York",1.8e+07,120,"Twentieth Century Fox",358994850,173585516,"Adventure","Comedy","Crime",340994850
"274",1992,4,7,"R","Basic Instinct",4.9e+07,127,"TriStar Pictures",352927224,117727224,"Drama","Mystery","Thriller",303927224
"275",1992,5,6.7,"R","Lethal Weapon 3",3.5e+07,118,"Warner Bros.",321731527,144731527,"Action","Crime","Thriller",286731527
"276",1992,6,7,"PG-13","Batman Returns",8e+07,126,"Warner Bros.",266822354,162831698,"Action","Crime","Fantasy",186822354
"277",1992,7,7.7,"R","A  Few Good Men",4.1e+07,138,"Columbia Pictures",243240178,141340178,"Drama","Thriller","NULL",202240178
"278",1992,8,6.4,"PG","Sister Act",3.1e+07,60,"Walt Disney",231605150,139605150,"Comedy","Crime","Family",200605150
"279",1992,9,7.4,"R","Bram Stoker's Dracula",4e+07,128,"Columbia Pictures",215862692,82522790,"Horror","NULL","NULL",175862692
"280",1992,10,7,"PG-13","Wayne's World",2e+07,94,"Paramount Pictures",183097323,121697323,"Comedy","Music","NULL",163097323
"281",1991,1,8.5,"R","Terminator 2: Judgement Day",1.02e+08,137,"TriStar Pictures",516950043,204843345,"Action","Sci-Fi","NULL",414950043
"282",1991,2,6.9,"PG-13","Robin Hood: Prince of Thieves",4.8e+07,143,"Warner Bros.",390493908,165493908,"Action","Adventure","Drama",342493908
"283",1991,3,8,"G","Beauty and the Beast",2.5e+07,84,"Walt Disney",331907151,145863363,"Animation","Family","Fantasy",306907151
"284",1991,4,6.8,"PG","Hook",7e+07,142,"TriStar Pictures",300854823,119654823,"Adventure","Comedy","Family",230854823
"285",1991,5,8.6,"R","The Silence of the Lambs",1.9e+07,118,"Orion Pictures",272742922,130742922,"Crime","Drama","Thriller",253742922
"286",1991,6,8,"R","JFK",4e+07,189,"Warner Bros.",205405498,70405498,"Drama","History","Thriller",165405498
"287",1991,7,6.9,"PG-13","The Addams Family",3e+07,99,"Paramount Pictures",191502426,113502426,"Comedy","Fantasy","NULL",161502426
"288",1991,8,7.3,"R","Cape Fear",3.5e+07,128,"Universal Pictures",182291969,79091969,"Crime","Thriller","NULL",147291969
"289",1991,9,6.8,"PG-13","Hot Shots!",2.6e+07,84,"Twentieth Century Fox",181096164,69467617,"Action","Comedy","NULL",155096164
"290",1991,10,6.7,"PG-13","City Slickers",2.7e+07,113,"Columbia Pictures",179033791,124033791,"Comedy","NULL","NULL",152033791
"291",1990,1,7,"PG-13","Ghost",2.2e+07,127,"Paramount Pictures",505702588,217631306,"Drama","Fantasy","Romance",483702588
"292",1990,2,7.6,"PG","Home Alone",1.8e+07,103,"Twentieth Century Fox",476684675,285761243,"Comedy","Family","NULL",458684675
"293",1990,3,7,"R","Pretty Woman",1.4e+07,119,"Walt Disney",463406268,178406268,"Comedy","Romance","NULL",449406268
"294",1990,4,8,"PG-13","Dances with Wolves",2.2e+07,181,"Orion Pictures",424208848,184208848,"Adventure","Drama","Western",402208848
"295",1990,5,7.5,"R","Total Recall",6.5e+07,113,"Sony Pictures",261299840,119394840,"Action","Sci-Fi","Thriller",196299840
"296",1990,6,7.4,"PG","Back to the Future III",4e+07,118,"Universal Pictures",244527583,87727583,"Adventure","Comedy","Sci-Fi",204527583
"297",1990,7,7.2,"R","Die Hard 2",7e+07,124,"Twentieth Century Fox",240031094,117540947,"Action","Thriller","NULL",170031094
"298",1990,8,6.9,"R","Presumed Innocent",2.2e+07,127,"Warner Bros.",221303188,86303188,"Mystery","Thriller","NULL",199303188
"299",1990,9,6.8,"PG","Teenage Mutant Ninja Turtles",13500000,93,"New Line Cinema",201965915,135265915,"Action","Adventure","Comedy",188465915
"300",1990,10,6.1,"PG-13","Kindergarten Cop",1.5e+07,111,"Universal Pictures",201957688,91457688,"Comedy","Crime","NULL",186957688
"301",1989,1,8.2,"PG-13","Indiana Jones and the Last Crusade",4.8e+07,127,"Paramount Pictures",474171806,197171806,"Action","Adventure","NULL",426171806
"302",1989,2,7.5,"PG-13","Batman",3.5e+07,126,"Warner Bros.",411348924,251188924,"Action","Adventure","NULL",376348924
"303",1989,3,7.8,"PG","Back to the Future II",4e+07,108,"Universal Pictures",331950002,118450002,"Adventure","Comedy","Sci-Fi",291950002
"304",1989,4,5.9,"PG-13","Look Who's Talking",7500000,93,"TriStar Pictures",296999813,140088813,"Comedy","NULL","NULL",289499813
"305",1989,5,7.2,"R","Lethal Weapon 2",2.8e+07,114,"Warner Bros.",227853986,147253986,"Action","Crime","Thriller",199853986
"306",1989,6,6.3,"PG","Honey, I Shrunk the Kids",1.8e+07,93,"Walt Disney",222724172,130724172,"Adventure","Comedy","Family",204724172
"307",1989,7,6.6,"PG","Ghostbusters II",3.7e+07,108,"Columbia Pictures",215394738,112494738,"Action","Comedy","Fantasy",178394738
"308",1989,8,7.6,"G","The Little Mermaid",4e+07,83,"Walt Disney",184155863,84355863,"Animation","Family","Fantasy",144155863
"309",1989,9,7.2,"R","Born on the Fourth of July",1.4e+07,145,"Universal Pictures",161001698,70001698,"Biography","Drama","War",147001698
"310",1989,10,6.8,"R","The War of the Roses",2.6e+07,116,"Twentieth Century Fox",160188546,86888546,"Comedy","Romance","NULL",134188546
"311",1988,1,8,"R","Rain Man",2.5e+07,133,"Metro-Goldwyn-Mayer",354825435,172825435,"Drama","NULL","NULL",329825435
"312",1988,2,7.7,"PG","Who Framed Roger Rabbit",7e+07,104,"Walt Disney",329803958,156452370,"Animation","Adventure","Comedy",259803958
"313",1988,3,7,"R","Coming to America",3.9e+07,116,"Paramount Pictures",288752301,128152301,"Comedy","Romance","NULL",249752301
"314",1988,4,5.6,"PG","Crocodile Dundee II",1.4e+07,108,"Paramount Pictures",239606210,109306210,"Action","Adventure","Comedy",225606210
"315",1988,5,8.1,"PG","Dead Poets Society",16400000,128,"Walt Disney",235860116,95860116,"Comedy","Drama","NULL",219460116
"316",1988,6,6.1,"PG","Twins",1.5e+07,107,"Universal Pictures",216614388,111938388,"Comedy","Crime","NULL",201614388
"317",1988,7,5.8,"R","Rambo III",6.3e+07,102,"TriStar Pictures",189015611,53715611,"Action","Adventure","NULL",126015611
"318",1988,8,5.9,"R","Cocktail",2e+07,104,"Walt Disney",171504781,78222753,"Comedy","Drama","Romance",151504781
"319",1988,9,7.3,"PG","Big",1.8e+07,104,"Twentieth Century Fox",151668774,114968774,"Comedy","Drama","Fantasy",133668774
"320",1988,10,8.2,"R","Die Hard",2.8e+07,132,"Twentieth Century Fox",140767956,83008852,"Action","Thriller","NULL",112767956
"321",1987,1,6.9,"R","Fatal Attraction",1.4e+07,119,"Paramount Pictures",320145693,156645693,"Drama","Thriller","NULL",306145693
"322",1987,2,6.5,"R","Beverly Hills Cop II",2.8e+07,100,"Paramount Pictures",299965036,153665036,"Action","Comedy","Crime",271965036
"323",1987,3,7,"PG-13","Dirty Dancing",6e+06,100,"Vestron Pictures",213446382,63446382,"Drama","Music","Romance",207446382
"324",1987,4,6,"PG","Three Men and a Baby",1.1e+07,102,"Walt Disney",167780960,167780960,"Comedy","Drama","Family",156780960
"325",1987,5,7.3,"R","Good Morning, Vietnam",1.3e+07,121,"Walt Disney",123922370,123922370,"Biography","Comedy","Drama",110922370
"326",1987,6,7.6,"R","Lethal Weapon",1.5e+07,109,"Warner Bros.",120207127,65207127,"Action","Crime","Thriller",105207127
"327",1987,7,6.5,"PG-13","The Secret of My Success",1.2e+07,111,"Universal Pictures",110996879,66995879,"Comedy","Romance","NULL",98996879
"328",1987,8,7.8,"R","Predator",1.5e+07,107,"Twentieth Century Fox",98267558,59735548,"Action","Adventure","Sci-Fi",83267558
"329",1987,9,7.1,"PG","Moonstruck",1.5e+07,102,"Metro-Goldwyn-Mayer",80640528,80640528,"Comedy","Drama","Romance",65640528
"330",1987,10,7.9,"R","The Untouchables",2.5e+07,119,"Paramount Pictures",76270454,76270454,"Crime","Drama","Thriller",51270454
"331",1986,1,6.9,"PG","Top Gun",1.5e+07,110,"Paramount Pictures",353811728,176781728,"Action","Drama","NULL",338811728
"332",1986,2,6.6,"PG-13","Crocodile Dundee",8800000,97,"Paramount Pictures",328203506,174803506,"Action","Adventure","Comedy",319403506
"333",1986,3,8.1,"R","Platoon",6e+06,120,"Orion Pictures",138545632,138530565,"Drama","War","NULL",132545632
"334",1986,4,8.3,"R","Aliens",18500000,137,"Twentieth Century Fox",131060248,85160248,"Action","Adventure","Sci-Fi",112560248
"335",1986,5,6,"PG","The Karate Kid Part II",13500000,113,"Columbia Pictures",115103979,115103979,"Action","Family","Romance",101603979
"336",1986,6,7.3,"PG","Star Trek IV: Voyage Home",2.5e+07,119,"Paramount Pictures",109713132,109713132,"Adventure","Comedy","Sci-Fi",84713132
"337",1986,7,6,"PG","Legal Eagles",4e+07,116,"Universal Pictures",93151591,49851591,"Comedy","Crime","Romance",53151591
"338",1986,8,6.6,"PG-13","Back to School",1.1e+07,96,"Orion Pictures",91258000,91258000,"Comedy","Romance","Sport",80258000
"339",1986,9,6.9,"G","An American Tail",9e+06,80,"Universal Pictures",84542002,47483002,"Animation","Adventure","Comedy",75542002
"340",1986,10,6,"PG-13","The Golden Child",2.5e+07,94,"Paramount Pictures",79817937,79817937,"Action","Adventure","Comedy",54817937
"341",1985,1,8.5,"PG","Back to the Future",1.9e+07,116,"Universal Pictures",381109762,210609762,"Adventure","Comedy","Sci-Fi",362109762
"342",1985,2,6.9,"PG","Rocky IV",3e+07,91,"United Artists",300473716,127873716,"Drama","Sport","NULL",270473716
"343",1985,3,6.5,"R","Rambo: First Blood II",4.4e+07,96,"TriStar Pictures",300400432,150415432,"Action","Adventure","Thriller",256400432
"344",1985,4,7.2,"PG","Out of Africa",3.1e+07,161,"Universal Pictures",227514205,87071205,"Biography","Drama","Romance",196514205
"345",1985,5,6.1,"PG","The Jewel of the Nile",2.5e+07,106,"Twentieth Century Fox",96773200,75973200,"Action","Adventure","Comedy",71773200
"346",1985,6,7.8,"PG-13","The Color Purple",1.5e+07,154,"Warner Bros.",94175854,94175854,"Drama","NULL","NULL",79175854
"347",1985,7,6.7,"PG-13","Cocoon",17500000,117,"Twentieth Century Fox",85313124,76113124,"Comedy","Drama","Sci-Fi",67813124
"348",1985,8,7.4,"R","Witness",1.2e+07,112,"Paramount Pictures",68706993,68706993,"Crime","Drama","Romance",56706993
"349",1985,9,7.8,"PG","The Goonies",1.9e+07,114,"Warner Bros.",61389680,61389680,"Adventure","Comedy","Family",42389680
"350",1985,10,7.8,"PG","E.T. the Extra-Terrestrial 1985 Re-release",10500000,115,"Universal Pictures",60903502,40607502,"Family","Sci-Fi","NULL",50403502
"351",1984,1,7.6,"PG","Indiana Jones and the Temple of Doom",2.8e+07,118,"Paramount Pictures",333107271,179870271,"Action","Adventure","NULL",305107271
"352",1984,2,7.3,"R","Beverly Hills Cop",1.4e+07,105,"Paramount Pictures",316360478,234760478,"Action","Comedy","Crime",302360478
"353",1984,3,7.8,"PG","Ghostbusters",3e+07,105,"Columbia Pictures",282242989,229242989,"Action","Comedy","Fantasy",252242989
"354",1984,4,7.3,"PG","Gremlins",1.1e+07,106,"Warner Bros.",148168459,148168459,"Comedy","Fantasy","Horror",137168459
"355",1984,5,7.2,"PG","The Karate Kid",8e+06,126,"Columbia Pictures",90815558,90815558,"Action","Drama","Family",82815558
"356",1984,6,6.9,"PG","Romancing the Stone",1e+07,106,"Twentieth Century Fox",86572238,76572238,"Action","Adventure","Comedy",76572238
"357",1984,7,6.7,"R","Police Academy",4500000,96,"Warner Bros.",81198894,81198894,"Comedy","NULL","NULL",76698894
"358",1984,8,6.6,"PG","Footloose",8200000,107,"Paramount Pictures",80035402,80035402,"Drama","Music","Romance",71835402
"359",1984,9,8,"R","The Terminator",6400000,107,"Orion Pictures",78371200,38371200,"Action","Sci-Fi","NULL",71971200
"360",1984,10,6.7,"PG","Star Trek III: The Search for Spock",1.7e+07,105,"Paramount Pictures",76471046,76471046,"Action","Adventure","Sci-Fi",59471046
"361",1983,1,7,"PG","Star Wars: Episode VI - Return of the Jedi",32500000,131,"Twentieth Century Fox",374593074,252583617,"Action","Adventure","Fantasy",342093074
"362",1983,2,7.4,"PG","Terms of Endearment",8e+06,132,"Paramount Pictures",108423489,108423489,"Comedy","Drama","NULL",100423489
"363",1983,3,6.2,"R","Flashdance",4e+06,95,"Paramount Pictures",92921203,92921203,"Drama","Music","Romance",88921203
"364",1983,4,7.5,"R","Trading Places",1.5e+07,116,"Paramount Pictures",90404800,90404800,"Comedy","NULL","NULL",75404800
"365",1983,5,3.7,"PG","Jaws 3-D",20500000,99,"Universal Pictures",87987055,45517055,"Adventure","Horror","Thriller",67487055
"366",1983,6,7.1,"PG","WarGames",1.2e+07,114,"Metro-Goldwyn-Mayer",79567667,79567667,"Sci-Fi","Thriller","NULL",67567667
"367",1983,7,6.6,"PG","Octopussy",27500000,131,"Metro-Goldwyn-Mayer",67893619,67893619,"Action","Adventure","Thriller",40393619
"368",1983,8,6.6,"R","Sudden Impact",2.2e+07,117,"Warner Bros.",67642693,67642693,"Action","Crime","Thriller",45642693
"369",1983,9,8.3,"R","Scarface",2.5e+07,170,"Universal Pictures",65144798,44668798,"Crime","Drama","NULL",40144798
"370",1983,10,4.6,"PG","Staying Alive",2.2e+07,93,"Paramount Pictures",64892670,64892670,"Drama","Music","Romance",42892670
"371",1982,1,7.8,"PG","E.T. the Extra-Terrestrial",10500000,115,"Universal Pictures",663400925,359197037,"Family","Sci-Fi","NULL",652900925
"372",1982,2,7.4,"PG","Tootsie",2.1e+07,116,"Columbia Pictures",177200000,177200000,"Comedy","Drama","Romance",156200000
"373",1982,3,7,"R","An Officer and a Gentleman",7500000,124,"Paramount Pictures",129795554,129795554,"Drama","Romance","NULL",122295554
"374",1982,4,7.7,"R","First Blood",1.5e+07,93,"Orion Pictures",125212904,47212904,"Action","Adventure","NULL",110212904
"375",1982,5,6.8,"PG","Rocky III",1.7e+07,99,"United Artists",124146897,124146897,"Drama","Sport","NULL",107146897
"376",1982,6,7.3,"PG","Poltergeist",10700000,114,"Metro-Goldwyn-Mayer",123606280,76606280,"Horror","Thriller","NULL",112906280
"377",1982,7,6.2,"R","Porky's",2500000,94,"Twentieth Century Fox",105492483,105492483,"Comedy","NULL","NULL",102992483
"378",1982,8,7.7,"PG","Star Trek II: The Wrath of Khan",11200000,113,"Paramount Pictures",78912963,78912963,"Action","Adventure","Sci-Fi",67712963
"379",1982,9,6.9,"R","48 Hrs.",1.2e+07,96,"Paramount Pictures",78868508,78868508,"Action","Comedy","Crime",66868508
"380",1982,10,5.9,"R","The Best Little Whorehouse in Texas",3.5e+07,114,"Universal Pictures",69701637,69701637,"Comedy","Musical","NULL",34701637
"381",1981,1,8.4,"PG","Raiders of the Lost Ark",1.8e+07,115,"Paramount Pictures",353988025,212222025,"Action","Adventure","NULL",335988025
"382",1981,2,7.6,"PG","On Golden Pond",7500000,109,"Universal Pictures",119285432,119285432,"Drama","NULL","NULL",111785432
"383",1981,3,6.8,"PG","Superman II",5.4e+07,127,"Warner Bros.",108185706,108185706,"Action","Adventure","Sci-Fi",54185706
"384",1981,4,6.9,"PG","Arthur",7e+06,97,"Warner Bros.",95461682,95461682,"Comedy","Romance","NULL",88461682
"385",1981,5,6.9,"R","Stripes",1e+07,106,"Columbia Pictures",85297000,85297000,"Comedy","War","NULL",75297000
"386",1981,6,6.3,"PG","The Cannonball Run",1.8e+07,95,"Twentieth Century Fox",72179579,72179579,"Action","Comedy","Sport",54179579
"387",1981,7,7.2,"PG","Chariots of Fire",5500000,125,"Columbia Pictures",58972904,58972904,"Biography","Drama","Sport",53472904
"388",1981,8,6.8,"PG","For Your Eyes Only",2.8e+07,127,"Metro-Goldwyn-Mayer",54812802,54812802,"Action","Adventure","Thriller",26812802
"389",1981,9,6.9,"PG","The Four Seasons",6500000,107,"Universal Pictures",50427646,50427646,"Comedy","Drama","NULL",43927646
"390",1981,10,7,"PG","Time Bandits",5e+06,116,"Embassy Pictures",42365581,42365581,"Adventure","Comedy","Fantasy",37365581
"391",1980,1,8.7,"PG","Star Wars: Episode V - The Empire Strikes Back",1.8e+07,124,"Twentieth Century Fox",400083259,209398025,"Action","Adventure","Fantasy",382083259
"392",1980,2,7.9,"R","The Blues Brothers",2.7e+07,133,"Universal Pictures",115229890,57229890,"Adventure","Comedy","Crime",88229890
"393",1980,3,6.8,"PG","9 to 5",1e+07,109,"Twentieth Century Fox",103290500,103290500,"Comedy","NULL","NULL",93290500
"394",1980,4,6.8,"R","Stir Crazy",1e+07,111,"Columbia Pictures",101300000,101300000,"Comedy","Crime","NULL",91300000
"395",1980,5,7.7,"PG","Airplane!",3500000,88,"Paramount Pictures",83453539,83453539,"Comedy","NULL","NULL",79953539
"396",1980,6,6.2,"PG","Any Which Way You Can",1.5e+07,116,"Warner Bros.",70687344,70687344,"Action","Comedy","NULL",55687344
"397",1980,7,6.2,"R","Private Benjamin",1e+07,109,"Warner Bros.",69847348,69847348,"Comedy","War","NULL",59847348
"398",1980,8,7.5,"PG","Coal Miner's Daughter",1.5e+07,124,"Universal Pictures",67182787,67182787,"Biography","Drama","Music",52182787
"399",1980,9,5.3,"PG","Smokey and the Bandit II",1.7e+07,100,"Universal Pictures",66132626,66132626,"Action","Comedy","NULL",49132626
"400",1980,10,5.8,"R","The Blue Lagoon",4500000,104,"Columbia Pictures",58853106,58853106,"Adventure","Drama","Romance",54353106
"401",1979,1,6.3,"PG","Moonraker",3.4e+07,126,"Metro-Goldwyn-Mayer",210308099,70308099,"Action","Adventure","Sci-Fi",176308099
"402",1979,2,7.8,"PG","Kramer vs. Kramer",8e+06,105,"Columbia Pictures",106260000,106260000,"Drama","NULL","NULL",98260000
"403",1979,3,8.4,"R","Alien",1.1e+07,117,"Twentieth Century Fox",101718022,78944891,"Horror","Sci-Fi","NULL",90718022
"404",1979,4,5.8,"PG","1941",3.5e+07,118,"Universal Pictures",92455742,31755742,"Action","Comedy","War",57455742
"405",1979,5,6.2,"R","The Amityville Horror",4700000,117,"American International Pictures",86432000,86432000,"Horror","NULL","NULL",81732000
"406",1979,6,7.3,"PG","Rocky II",7e+06,119,"United Artists",85182160,85182160,"Drama","Sport","NULL",78182160
"407",1979,7,6.4,"G","Star Trek: The Motion Picture",3.5e+07,132,"Paramount Pictures",82258456,82258456,"Adventure","Mystery","Sci-Fi",47258456
"408",1979,8,8.4,"R","Apocalypse Now",31500000,147,"Metro-Goldwyn-Mayer",78784010,78784010,"Drama","Mystery","War",47284010
"409",1979,9,6.1,"R","10",7e+06,122,"Warner Bros.",74865517,74865517,"Comedy","Romance","NULL",67865517
"410",1979,10,7.2,"R","The Jerk",4e+06,94,"Universal Pictures",73691419,73691419,"Comedy","NULL","NULL",69691419
"411",1978,1,7.2,"PG-13","Grease",6e+06,110,"Paramount Pictures",366178870,159978870,"Musical","Romance","NULL",360178870
"412",1978,2,7.3,"PG","Superman",5.5e+07,143,"Warner Bros.",300218018,134218018,"Action","Adventure","Drama",245218018
"413",1978,3,5.8,"PG","Jaws 2",2e+07,116,"Universal Pictures",183855272,77737272,"Adventure","Drama","Horror",163855272
"414",1978,4,7.5,"R","National Lampoon's Animal House",3e+06,109,"Universal Pictures",120091123,120091123,"Comedy","NULL","NULL",117091123
"415",1978,5,6.4,"PG","Every Which Way But Loose",5e+06,114,"Warner Bros.",85196485,85196485,"Action","Comedy","NULL",80196485
"416",1978,6,6.9,"PG","Heaven Can Wait",1.5e+07,101,"Paramount Pictures",81640278,81640278,"Comedy","Fantasy","Romance",66640278
"417",1978,7,6.3,"PG","Hooper",6e+06,99,"Warner Bros.",7.8e+07,7.8e+07,"Action","Comedy","NULL",7.2e+07
"418",1978,8,6.7,"PG","Revenge of the Pink Panther",1.2e+07,99,"United Artists",49579269,49579269,"Comedy","Crime","Mystery",37579269
"419",1978,9,8.1,"R","The Deer Hunter",1.5e+07,183,"Universal Pictures",48991826,48979328,"Drama","War","NULL",33991826
"420",1978,10,7.8,"R","Halloween",325000,91,"Compass International Pictures",4.7e+07,4.7e+07,"Horror","Thriller","NULL",46675000
"421",1977,1,8.6,"PG","Star Wars: Episode IV - A New Hope",1.1e+07,121,"Twentieth Century Fox",503015849,307263857,"Action","Adventure","Fantasy",492015849
"422",1977,2,7.6,"PG","Close Encounters of the Third Kind",2e+07,138,"Columbia Pictures",288095460,116395460,"Drama","Sci-Fi","NULL",268095460
"423",1977,3,6.8,"R","Saturday Night Fever",3e+06,118,"Paramount Pictures",237113184,94213184,"Drama","Music","NULL",234113184
"424",1977,4,7,"PG","Smokey and the Bandit",4300000,96,"Universal Pictures",126737428,126737428,"Action","Comedy","NULL",122437428
"425",1977,5,7.4,"PG","A Bridge Too Far",2.7e+07,175,"United Artists",50750000,50750000,"Drama","History","War",23750000
"426",1977,6,6.2,"PG","The Deep",9e+06,123,"Columbia Pictures",47346365,47346365,"Adventure","Mystery","Thriller",38346365
"427",1977,7,7.1,"PG","The Spy Who Loved Me",1.4e+07,125,"United Artists",46838673,46838673,"Action","Adventure","Thriller",32838673
"428",1977,8,6.6,"PG","Oh, God!",2100000,98,"Warner Bros.",41687243,41687243,"Comedy","Fantasy","NULL",39587243
"429",1977,9,8,"PG","Annie Hall",4e+06,93,"United Artists",38251425,38251425,"Comedy","Romance","NULL",34251425
"430",1977,10,5.9,"R","Semi-Tough",5700000,108,"United Artists",37187139,37187139,"Comedy","Romance","Sport",31487139
